7fdff3,172.18.0.6,GET,https://my-site-name.ddev.site/admin/config/development/devel/webprofiler,1623210485,7fdff3,200
f18955,172.18.0.6,GET,https://my-site-name.ddev.site/libraries/highlightjs/src/styles/idea.css?quf15a=,1623210534,f18955,200
30f39f,172.18.0.6,GET,https://my-site-name.ddev.site/libraries/highlightjs/src/styles/idea.css?quf15a=,1623210534,30f39f,404
fe5f37,172.18.0.6,GET,https://my-site-name.ddev.site/libraries/d3/d3.min.js?v=3.5.17,1623210535,fe5f37,404
5f24f9,172.18.0.6,GET,https://my-site-name.ddev.site/libraries/highlightjs/src/highlight.js?v=9.7.0,1623210535,5f24f9,404
3c2959,172.18.0.6,GET,https://my-site-name.ddev.site/libraries/d3/d3.min.js?v=3.5.17,1623210536,3c2959,404
a0d6c4,172.18.0.6,GET,https://my-site-name.ddev.site/libraries/highlightjs/src/highlight.js?v=9.7.0,1623210536,a0d6c4,404
91888a,172.18.0.6,GET,https://my-site-name.ddev.site/,1623210815,91888a,200
51f711,172.18.0.6,GET,https://my-site-name.ddev.site/themes/custom/icecream/logo.svg,1623210817,51f711,200
afd552,172.18.0.6,GET,https://my-site-name.ddev.site/themes/custom/icecream/logo.svg,1623210817,afd552,404
a758d5,172.18.0.6,GET,https://my-site-name.ddev.site/,1623210819,a758d5,200
58528e,172.18.0.6,GET,https://my-site-name.ddev.site/themes/custom/icecream/logo.svg,1623210819,58528e,200
3acb85,172.18.0.6,GET,https://my-site-name.ddev.site/themes/custom/icecream/logo.svg,1623210819,3acb85,404
5cae7b,172.18.0.6,GET,https://my-site-name.ddev.site/themes/custom/icecream/logo.svg,1623210822,5cae7b,200
9613e2,172.18.0.6,GET,https://my-site-name.ddev.site/themes/custom/icecream/logo.svg,1623210822,9613e2,404
104af7,172.18.0.6,POST,https://my-site-name.ddev.site/contextual/render,1623210822,104af7,200
6ea414,172.18.0.6,POST,https://my-site-name.ddev.site/quickedit/metadata,1623210823,6ea414,200
e9800a,172.18.0.6,POST,https://my-site-name.ddev.site/quickedit/attachments?_wrapper_format=drupal_ajax,1623210824,e9800a,200
1f078a,172.18.0.6,POST,https://my-site-name.ddev.site/quickedit/attachments?_wrapper_format=drupal_ajax,1623210824,1f078a,200
711394,172.18.0.6,GET,https://my-site-name.ddev.site/themes/custom/icecream/logo.svg,1623210825,711394,200
12b320,172.18.0.6,GET,https://my-site-name.ddev.site/themes/custom/icecream/logo.svg,1623210825,12b320,404
fcdc09,172.18.0.6,POST,https://my-site-name.ddev.site/quickedit/attachments?_wrapper_format=drupal_ajax,1623210825,fcdc09,200
fc1326,172.18.0.6,POST,https://my-site-name.ddev.site/quickedit/attachments?_wrapper_format=drupal_ajax,1623210825,fc1326,200
d60204,172.18.0.6,GET,https://my-site-name.ddev.site/favicon.ico,1623211013,d60204,404
f4dd24,172.18.0.6,GET,https://my-site-name.ddev.site/,1623211030,f4dd24,200
4ad1a5,172.18.0.6,GET,https://my-site-name.ddev.site/themes/custom/icecream/logo.svg,1623211032,4ad1a5,200
9762eb,172.18.0.6,GET,https://my-site-name.ddev.site/themes/custom/icecream/logo.svg,1623211032,9762eb,404
9a906a,172.18.0.6,POST,https://my-site-name.ddev.site/quickedit/attachments?_wrapper_format=drupal_ajax,1623211033,9a906a,200
89e116,172.18.0.6,POST,https://my-site-name.ddev.site/quickedit/attachments?_wrapper_format=drupal_ajax,1623211033,89e116,200
73fd39,172.18.0.6,GET,https://my-site-name.ddev.site/admin/structure,1623211034,73fd39,200
9d754b,172.18.0.6,GET,https://my-site-name.ddev.site/admin/structure,1623211180,9d754b,500
dcc52b,172.18.0.6,GET,https://my-site-name.ddev.site/admin/structure,1623211252,dcc52b,200
7e4444,172.18.0.6,GET,https://my-site-name.ddev.site/node/25,1623900958,7e4444,200
4f9f4e,172.18.0.6,GET,https://my-site-name.ddev.site/admin/structure,1623900959,4f9f4e,200
90ccb3,172.18.0.6,GET,https://my-site-name.ddev.site/themes/custom/icecream/logo.svg,1623900965,90ccb3,200
a65987,172.18.0.6,GET,https://my-site-name.ddev.site/themes/custom/icecream/logo.svg,1623900965,a65987,404
a5b060,172.18.0.6,POST,https://my-site-name.ddev.site/quickedit/metadata,1623900966,a5b060,200
ef9591,172.18.0.6,POST,https://my-site-name.ddev.site/contextual/render,1623900966,ef9591,200
462e74,172.18.0.6,POST,https://my-site-name.ddev.site/history/25/read,1623900967,462e74,200
c447fa,172.18.0.6,POST,https://my-site-name.ddev.site/quickedit/attachments?_wrapper_format=drupal_ajax,1623900967,c447fa,200
3f6a45,172.18.0.6,GET,https://my-site-name.ddev.site/devel/theme/registry,1623901109,3f6a45,200
404195,172.18.0.6,GET,https://my-site-name.ddev.site/admin/appearance,1623901152,404195,200
cc1074,172.18.0.6,GET,https://my-site-name.ddev.site/admin/appearance,1623901358,cc1074,200
3733bf,172.18.0.6,GET,https://my-site-name.ddev.site/,1623901419,3733bf,200
042f1c,172.18.0.6,GET,https://my-site-name.ddev.site/themes/custom/icecream/logo.svg,1623901421,042f1c,200
599bd9,172.18.0.6,GET,https://my-site-name.ddev.site/themes/custom/icecream/logo.svg,1623901421,599bd9,404
a5ffde,172.18.0.6,POST,https://my-site-name.ddev.site/quickedit/metadata,1623901429,a5ffde,200
e1e587,172.18.0.6,POST,https://my-site-name.ddev.site/contextual/render,1623901429,e1e587,200
cc8240,172.18.0.6,POST,https://my-site-name.ddev.site/contextual/render,1623901429,cc8240,400
91f9b8,172.18.0.6,GET,https://my-site-name.ddev.site/node/20,1623901435,91f9b8,200
554ed0,172.18.0.6,GET,https://my-site-name.ddev.site/themes/custom/icecream/logo.svg,1623901438,554ed0,200
35ad2a,172.18.0.6,GET,https://my-site-name.ddev.site/themes/custom/icecream/logo.svg,1623901438,35ad2a,404
057ce8,172.18.0.6,POST,https://my-site-name.ddev.site/contextual/render,1623901444,057ce8,200
4d4fb3,172.18.0.6,GET,https://my-site-name.ddev.site/themes/custom/icecream/logo.svg,1623901444,4d4fb3,200
fe5f43,172.18.0.6,GET,https://my-site-name.ddev.site/themes/custom/icecream/logo.svg,1623901444,fe5f43,404
01744d,172.18.0.6,POST,https://my-site-name.ddev.site/quickedit/metadata,1623901444,01744d,200
ec098b,172.18.0.6,GET,https://my-site-name.ddev.site/sites/default/files/styles/large/public/2021-04/generateImage_eiDBwo.gif?itok=wgM0iij5,1623901445,ec098b,200
862a5c,172.18.0.6,POST,https://my-site-name.ddev.site/history/20/read,1623901446,862a5c,200
bc31d5,172.18.0.6,GET,https://my-site-name.ddev.site/,1623901462,bc31d5,200
632088,172.18.0.6,GET,https://my-site-name.ddev.site/themes/custom/icecream/logo.svg,1623901463,632088,200
52eef2,172.18.0.6,GET,https://my-site-name.ddev.site/themes/custom/icecream/logo.svg,1623901463,52eef2,404
60daa4,172.18.0.6,POST,https://my-site-name.ddev.site/quickedit/metadata,1623901464,60daa4,200
439a0c,172.18.0.6,POST,https://my-site-name.ddev.site/contextual/render,1623901464,439a0c,200
7aa48e,172.18.0.6,POST,https://my-site-name.ddev.site/contextual/render,1623901464,7aa48e,400
807348,172.18.0.6,GET,https://my-site-name.ddev.site/admin/appearance/default?theme=reboot&token=mgeNIa1hN19YqXfYbE7YH-6HDGYllE5A77enXXPC-vA,1623901655,807348,302
7a19e6,172.18.0.6,GET,https://my-site-name.ddev.site/admin/appearance,1623901656,7a19e6,200
